{"count":1,"gauges":{"PenguinLearning.CumulativeReward":{"count":33,"max":7.814075,"min":0.00105664332,"value":7.69173861,"weightedAverage":7.2156086}},"self":131.9641344,"total":137.4560644,"children":{"AgentSendState":{"count":6842,"self":0.13201749999999998,"total":0.18049179999999998,"children":{"CollectObservations":{"count":10932,"self":0.0484743,"total":0.0484743,"children":null}}},"DecideAction":{"count":6842,"self":4.6671955999999994,"total":5.0880735,"children":{"RayPerceptionSensor.Perceive":{"count":10932,"self":0.420878,"total":0.420878,"children":null}}},"AgentAct":{"count":6842,"self":0.2223638,"total":0.2223638,"children":null}}}