{"count":1,"gauges":{},"self":9.5584943999999989,"total":9.5825839,"children":{"AgentSendState":{"count":474,"self":0.0068276,"total":0.011727699999999999,"children":{"CollectObservations":{"count":753,"self":0.0049001,"total":0.0049001,"children":null}}},"DecideAction":{"count":474,"self":0.0019912,"total":0.0019912,"children":null},"AgentAct":{"count":474,"self":0.0093732,"total":0.0093732,"children":null}}}